Series Name,Series Code,Country Name,Country Code,2000 [YR2000],2001 [YR2001],2002 [YR2002],2003 [YR2003],2004 [YR2004],2005 [YR2005],2006 [YR2006],2007 [YR2007],2008 [YR2008],2009 [YR2009],2010 [YR2010],2011 [YR2011],2012 [YR2012],2013 [YR2013],2014 [YR2014],2015 [YR2015],2016 [YR2016],2017 [YR2017],2018 [YR2018],2019 [YR2019],2020 [YR2020],2021 [YR2021],2022 [YR2022]
"Fertility rate, total (births per woman)",SP.DYN.TFRT.IN,Australia,AUS,1.756,1.739,1.756,1.748,1.768,1.807,1.908,1.959,1.984,1.971,1.928,1.926,1.92,1.855,1.826,1.814,1.752,1.741,1.74,1.657,1.581,1.7,..
"Fertility rate, total (births per woman)",SP.DYN.TFRT.IN,Austria,AUT,1.36,1.33,1.39,1.38,1.42,1.41,1.41,1.38,1.42,1.39,1.44,1.43,1.44,1.44,1.46,1.49,1.53,1.52,1.47,1.46,1.44,1.48,..
"Fertility rate, total (births per woman)",SP.DYN.TFRT.IN,Belgium,BEL,1.67,1.67,1.65,1.67,1.72,1.76,1.8,1.82,1.85,1.84,1.86,1.81,1.8,1.76,1.74,1.7,1.68,1.65,1.62,1.6,1.55,1.6,..
"Fertility rate, total (births per woman)",SP.DYN.TFRT.IN,Brazil,BRA,2.255,2.183,2.103,2.023,2.002,1.974,1.927,1.881,1.842,1.825,1.81,1.8,1.767,1.748,1.767,1.777,1.709,1.736,1.749,1.703,1.649,1.641,..
"Fertility rate, total (births per woman)",SP.DYN.TFRT.IN,British Virgin Islands,VGB,1.866,1.505,1.24,1.306,1.505,1.341,1.232,1.312,1.282,1.227,1.183,1.269,1.103,1.08,1.237,1.186,0.987,0.872,0.917,0.948,0.976,1.005,..
"Fertility rate, total (births per woman)",SP.DYN.TFRT.IN,Bulgaria,BGR,1.26,1.21,1.23,1.26,1.33,1.37,1.44,1.49,1.56,1.66,1.57,1.51,1.5,1.48,1.53,1.53,1.54,1.56,1.56,1.58,1.56,1.58,..
"Fertility rate, total (births per woman)",SP.DYN.TFRT.IN,Canada,CAN,1.51,1.54,1.52,1.55,1.56,1.58,1.63,1.67,1.7,1.69,1.65,1.63,1.63,1.61,1.61,1.6,1.59,1.55,1.51,1.47,1.41,1.43,..
"Fertility rate, total (births per woman)",SP.DYN.TFRT.IN,Cayman Islands,CYM,..,..,..,..,..,..,..,..,..,..,..,..,..,..,..,..,..,..,..,..,..,..,..
"Fertility rate, total (births per woman)",SP.DYN.TFRT.IN,Central African Republic,CAF,5.915,5.851,5.836,5.852,5.827,5.849,5.867,5.892,5.914,5.922,5.937,5.963,6.006,6.017,6.024,6.035,6.04,6.048,6.037,6.008,5.985,5.978,..
"Fertility rate, total (births per woman)",SP.DYN.TFRT.IN,Channel Islands,CHI,1.487,1.475,1.469,1.497,1.519,1.542,1.579,1.616,1.648,1.651,1.633,1.626,1.604,1.572,1.556,1.521,1.507,1.466,1.435,1.441,1.447,1.457,..
"Fertility rate, total (births per woman)",SP.DYN.TFRT.IN,China,CHN,1.628,1.563,1.566,1.57,1.605,1.624,1.644,1.666,1.701,1.714,1.687,1.668,1.798,1.714,1.769,1.67,1.772,1.813,1.554,1.496,1.281,1.164,..
"Fertility rate, total (births per woman)",SP.DYN.TFRT.IN,Denmark,DNK,1.77,1.74,1.72,1.76,1.78,1.8,1.85,1.84,1.89,1.84,1.87,1.75,1.73,1.67,1.69,1.71,1.79,1.75,1.73,1.7,1.68,1.72,..
"Fertility rate, total (births per woman)",SP.DYN.TFRT.IN,Finland,FIN,1.73,1.73,1.72,1.76,1.8,1.8,1.84,1.83,1.85,1.86,1.87,1.83,1.8,1.75,1.71,1.65,1.57,1.49,1.41,1.35,1.37,1.46,..
"Fertility rate, total (births per woman)",SP.DYN.TFRT.IN,France,FRA,1.89,1.9,1.88,1.89,1.92,1.94,2,1.98,2.01,2,2.03,2.01,2.01,1.99,2,1.96,1.92,1.89,1.87,1.86,1.83,1.83,..
"Fertility rate, total (births per woman)",SP.DYN.TFRT.IN,Germany,DEU,1.38,1.35,1.34,1.34,1.36,1.34,1.33,1.37,1.38,1.36,1.39,1.39,1.41,1.42,1.47,1.5,1.6,1.57,1.57,1.54,1.53,1.58,..
"Fertility rate, total (births per woman)",SP.DYN.TFRT.IN,Greece,GRC,1.25,1.25,1.28,1.29,1.31,1.34,1.4,1.41,1.5,1.5,1.48,1.4,1.34,1.29,1.3,1.33,1.38,1.35,1.35,1.34,1.39,1.39,..
"Fertility rate, total (births per woman)",SP.DYN.TFRT.IN,Hungary,HUN,1.32,1.31,1.3,1.27,1.28,1.31,1.34,1.32,1.35,1.32,1.25,1.23,1.34,1.35,1.44,1.45,1.53,1.54,1.55,1.55,1.59,1.59,..
"Fertility rate, total (births per woman)",SP.DYN.TFRT.IN,India,IND,3.35,3.303,3.217,3.122,3.046,2.958,2.864,2.784,2.718,2.673,2.603,2.536,2.467,2.406,2.306,2.287,2.273,2.2,2.177,2.109,2.051,2.031,..
"Fertility rate, total (births per woman)",SP.DYN.TFRT.IN,Ireland,IRL,1.89,1.94,1.97,1.96,1.93,1.86,1.91,2.01,2.06,2.06,2.05,2.03,1.98,1.93,1.89,1.85,1.81,1.77,1.75,1.71,1.63,1.72,..
"Fertility rate, total (births per woman)",SP.DYN.TFRT.IN,Israel,ISR,2.95,2.92,2.89,2.95,2.9,2.84,2.88,2.9,2.96,2.96,3.03,2.98,3.05,3.03,3.08,3.09,3.11,3.11,3.09,3.01,2.9,3,..
"Fertility rate, total (births per woman)",SP.DYN.TFRT.IN,Italy,ITA,1.26,1.25,1.27,1.29,1.34,1.34,1.37,1.4,1.45,1.45,1.46,1.44,1.43,1.39,1.37,1.35,1.34,1.32,1.29,1.27,1.24,1.25,..
"Fertility rate, total (births per woman)",SP.DYN.TFRT.IN,Jamaica,JAM,2.21,2.173,2.149,2.13,2.127,2.063,2.069,1.908,1.89,1.864,1.742,1.728,1.696,1.636,1.569,1.588,1.516,1.44,1.388,1.37,1.358,1.352,..
"Fertility rate, total (births per woman)",SP.DYN.TFRT.IN,Japan,JPN,1.36,1.33,1.32,1.29,1.29,1.26,1.32,1.34,1.37,1.37,1.39,1.39,1.41,1.43,1.42,1.45,1.44,1.43,1.42,1.36,1.33,1.3,..
"Fertility rate, total (births per woman)",SP.DYN.TFRT.IN,"Korea, Dem. People's Rep.",PRK,1.969,1.981,1.943,1.914,1.962,1.955,1.958,1.956,1.977,1.951,1.809,1.811,1.836,1.86,1.885,1.884,1.87,1.857,1.845,1.84,1.818,1.809,..
"Fertility rate, total (births per woman)",SP.DYN.TFRT.IN,"Korea, Rep.",KOR,1.48,1.309,1.178,1.191,1.164,1.085,1.132,1.259,1.192,1.149,1.226,1.244,1.297,1.187,1.205,1.239,1.172,1.052,0.977,0.918,0.837,0.808,..
"Fertility rate, total (births per woman)",SP.DYN.TFRT.IN,Kosovo,XKX,2.66,2.622,2.533,2.28,2.461,2.609,2.429,2.357,2.444,2.437,2.426,1.992,2.001,2.098,1.871,1.751,1.658,1.649,1.605,1.546,1.529,1.522,..
"Fertility rate, total (births per woman)",SP.DYN.TFRT.IN,Kuwait,KWT,2.737,2.715,2.693,2.691,2.686,2.662,2.603,2.516,2.422,2.34,2.257,2.2,2.168,2.153,2.156,2.16,2.157,2.161,2.165,2.159,2.14,2.11,..
"Fertility rate, total (births per woman)",SP.DYN.TFRT.IN,Mexico,MEX,2.716,2.669,2.623,2.579,2.536,2.495,2.456,2.421,2.391,2.364,2.34,2.317,2.294,2.269,2.211,2.137,2.086,2.041,1.996,1.916,1.905,1.822,..
"Fertility rate, total (births per woman)",SP.DYN.TFRT.IN,Montenegro,MNE,2.065,1.854,1.801,1.861,1.751,1.69,1.73,1.8,1.89,1.98,1.7,1.65,1.72,1.73,1.75,1.74,1.79,1.78,1.76,1.77,1.75,1.75,..
"Fertility rate, total (births per woman)",SP.DYN.TFRT.IN,New Zealand,NZL,1.98,1.97,1.89,1.93,1.98,1.97,2.01,2.18,2.19,2.13,2.17,2.09,2.1,2.01,1.92,1.99,1.87,1.81,1.71,1.72,1.61,1.64,..
"Fertility rate, total (births per woman)",SP.DYN.TFRT.IN,Norway,NOR,1.85,1.78,1.75,1.8,1.83,1.84,1.9,1.9,1.96,1.98,1.95,1.88,1.85,1.78,1.75,1.72,1.71,1.62,1.56,1.53,1.48,1.55,..
"Fertility rate, total (births per woman)",SP.DYN.TFRT.IN,Poland,POL,1.37,1.31,1.25,1.22,1.23,1.24,1.27,1.31,1.39,1.4,1.41,1.33,1.33,1.29,1.32,1.32,1.39,1.48,1.46,1.44,1.39,1.33,..
"Fertility rate, total (births per woman)",SP.DYN.TFRT.IN,Saudi Arabia,SAU,4.115,3.91,3.706,3.502,3.337,3.242,3.208,3.177,3.057,2.952,2.853,2.814,2.78,2.737,2.686,2.637,2.59,2.584,2.546,2.504,2.465,2.427,..
"Fertility rate, total (births per woman)",SP.DYN.TFRT.IN,South Africa,ZAF,2.413,2.373,2.324,2.358,2.436,2.512,2.548,2.545,2.679,2.501,2.445,2.436,2.447,2.428,2.424,2.359,2.261,2.334,2.418,2.475,2.401,2.374,..
"Fertility rate, total (births per woman)",SP.DYN.TFRT.IN,Spain,ESP,1.22,1.23,1.25,1.3,1.31,1.33,1.36,1.38,1.45,1.38,1.37,1.34,1.32,1.27,1.32,1.33,1.34,1.31,1.26,1.23,1.19,1.19,..
"Fertility rate, total (births per woman)",SP.DYN.TFRT.IN,Sweden,SWE,1.54,1.57,1.65,1.71,1.75,1.77,1.85,1.88,1.91,1.94,1.98,1.9,1.91,1.89,1.88,1.85,1.85,1.78,1.76,1.71,1.67,1.67,..
"Fertility rate, total (births per woman)",SP.DYN.TFRT.IN,Switzerland,CHE,1.5,1.38,1.39,1.39,1.42,1.42,1.44,1.46,1.48,1.5,1.52,1.52,1.52,1.52,1.54,1.54,1.54,1.52,1.52,1.48,1.46,1.52,..
"Fertility rate, total (births per woman)",SP.DYN.TFRT.IN,Thailand,THA,1.612,1.588,1.567,1.568,1.566,1.585,1.571,1.578,1.579,1.567,1.576,1.597,1.586,1.547,1.51,1.469,1.435,1.41,1.378,1.352,1.341,1.331,..
"Fertility rate, total (births per woman)",SP.DYN.TFRT.IN,Tonga,TON,4.108,4.072,4.137,4.194,4.206,4.179,4.141,4.093,4.027,3.955,3.889,3.842,3.781,3.707,3.635,3.562,3.483,3.407,3.349,3.315,3.267,3.237,..
"Fertility rate, total (births per woman)",SP.DYN.TFRT.IN,Turkiye,TUR,2.505,2.532,2.323,2.231,2.224,2.224,2.227,2.195,2.178,2.162,2.137,2.133,2.149,2.165,2.2,2.194,2.177,2.14,2.054,1.967,1.917,1.889,..
"Fertility rate, total (births per woman)",SP.DYN.TFRT.IN,United Arab Emirates,ARE,2.733,2.621,2.54,2.491,2.384,2.204,2.072,1.99,1.917,1.852,1.79,1.724,1.666,1.602,1.545,1.486,1.438,1.419,1.356,1.334,1.46,1.46,..
"Fertility rate, total (births per woman)",SP.DYN.TFRT.IN,United Kingdom,GBR,1.64,1.63,1.63,1.7,1.75,1.76,1.82,1.86,1.91,1.89,1.92,1.91,1.92,1.83,1.81,1.8,1.79,1.74,1.68,1.63,1.56,1.56,..
"Fertility rate, total (births per woman)",SP.DYN.TFRT.IN,United States,USA,2.056,2.0305,2.0205,2.0475,2.0515,2.057,2.108,2.12,2.072,2.002,1.931,1.8945,1.8805,1.8575,1.8625,1.8435,1.8205,1.7655,1.7295,1.706,1.6415,1.664,..
"Fertility rate, total (births per woman)",SP.DYN.TFRT.IN,East Asia & Pacific,EAS,1.866339845,1.810035783,1.800201409,1.792346647,1.808482156,1.813786335,1.830535854,1.853304029,1.873581682,1.87554169,1.852566669,1.844253132,1.929960932,1.866711906,1.895685742,1.830031815,1.881301624,1.894296752,1.732836952,1.692049714,1.559670448,1.489433414,..
"Fertility rate, total (births per woman)",SP.DYN.TFRT.IN,"Hong Kong SAR, China",HKG,1.032,0.931,0.941,0.901,0.922,0.959,0.984,1.028,1.064,1.055,1.127,1.204,1.285,1.125,1.235,1.196,1.205,1.128,1.08,1.064,0.883,0.772,..
"Fertility rate, total (births per woman)",SP.DYN.TFRT.IN,Moldova,MDA,1.499,1.463,1.437,1.48,1.539,1.531,1.541,1.574,1.638,1.704,1.698,1.66,1.659,1.654,1.822,1.868,1.89,1.81,1.809,1.78,1.77,1.806,..
"Fertility rate, total (births per woman)",SP.DYN.TFRT.IN,Netherlands,NLD,1.72,1.71,1.73,1.75,1.72,1.71,1.72,1.72,1.77,1.79,1.79,1.76,1.72,1.68,1.71,1.66,1.66,1.62,1.59,1.57,1.54,1.62,..
"Fertility rate, total (births per woman)",SP.DYN.TFRT.IN,Singapore,SGP,1.6,1.41,1.37,1.27,1.26,1.26,1.28,1.29,1.28,1.22,1.15,1.2,1.29,1.19,1.25,1.24,1.2,1.16,1.14,1.14,1.1,1.12,..